id,name,age,email,address,phone,identity_card,department,secialization
1,James L Sarah,73,James_L_Sarah@gmail.com,pFRzfduzrUQRiveITMSJ,7443526087,86911981,Urology,Surgeon
2,Marie T Mary,35,Marie_T_Mary@gmail.com,yThGbRAdsuNBJcyhCMpq,0467263482,09146676,Gynecology,Gynecologist
3,Lee S Sarah,38,Lee_S_Sarah@gmail.com,CPTQUPWbKWDckQBoxrIR,6543666453,00894877,Oncology,Radiologist
4,Lynn K John,37,Lynn_K_John@gmail.com,RsNkyekfpRLvNYNLtagS,1227161291,78213058,Radiology,Gynecologist
5,Anne P James,64,Anne_P_James@gmail.com,ZJDwXyJNgMVUaelssOih,1416006100,69406451,Dermatology,Dermatologist
6,Michael K Mary,21,Michael_K_Mary@gmail.com,ugfIkrSkcRNSejUPOqvZ,5706275650,41220715,Dermatology,Dermatologist
7,Lynn N Michael,52,Lynn_N_Michael@gmail.com,bvFZHoGglVsnYlkTIwcy,3534346660,80064983,Oncology,Neurologist
8,Rose S John,41,Rose_S_John@gmail.com,uLzoXCBztwuLNIOreVpi,7010844802,52027315,Surgery,Gynecologist
9,Elizabeth R Elizabeth,79,Elizabeth_R_Elizabeth@gmail.com,oTPBriGDaHKxnxwGwubw,6449258007,11289279,Cardiology,Cardiologist
10,Lynn T Jennifer,76,Lynn_T_Jennifer@gmail.com,wllRBtSZkiGZkxPIzpLK,2248715594,79663395,Radiology,Dermatologist
11,Joseph Q David,43,Joseph_Q_David@gmail.com,jcdBNkEYjWfEcGkPRORx,0617633511,55984010,Gynecology,Radiologist
12,Anne S John,55,Anne_S_John@gmail.com,rXpeLDyacXTAAqJGhfyp,3474650789,25378820,Gynecology,Pediatrician
13,Lynn R Michael,37,Lynn_R_Michael@gmail.com,HFjCvbJAUXQfsZsydfSC,0723404476,70919249,Gynecology,Surgeon
14,Lynn Q David,70,Lynn_Q_David@gmail.com,YviIdpjXxOhprTjSGYAp,0554049862,10189838,Dermatology,Pediatrician
15,Michael O Sarah,69,Michael_O_Sarah@gmail.com,wEDDxSEwHbzrLVdVvFaZ,0075790428,25084780,Psychiatry,Oncologist
16,Michael N Jennifer,48,Michael_N_Jennifer@gmail.com,CGhkgLqFNYwwoYeeOSww,8533249365,64902305,Oncology,Oncologist
17,Anne R Sarah,26,Anne_R_Sarah@gmail.com,kAtnHQSNuBfBMKgQPkSb,5773270242,52409526,Dermatology,Cardiologist
18,Michael M Elizabeth,69,Michael_M_Elizabeth@gmail.com,fAOPmyjxVVsEAWBHjjkv,1172601875,25038617,Gynecology,Surgeon
19,Elizabeth O Mary,66,Elizabeth_O_Mary@gmail.com,uuBtKaSHuWLNHCwnWpdK,6940617894,03489387,Urology,Radiologist
20,Michael N Michael,40,Michael_N_Michael@gmail.com,BlzhizILtAxSZJYxfKlw,6319123648,06565005,Neurology,Radiologist
21,Michael Q Jennifer,65,Michael_Q_Jennifer@gmail.com,JnxoeOpIdquXbIettFSS,0950799583,27632475,Radiology,Neurologist
22,Lynn M John,78,Lynn_M_John@gmail.com,tOBbABqtixNjxtDpUhKT,2230384086,61577667,Dermatology,Cardiologist
23,Michael R James,54,Michael_R_James@gmail.com,DmawajltyvMcSEBVrmva,3159973918,78050521,Urology,Psychiatrist
24,Lee R Jennifer,73,Lee_R_Jennifer@gmail.com,TBhunxUQcGGSjzNlULBS,9411478282,30737731,Cardiology,Pediatrician
25,Marie R Jennifer,69,Marie_R_Jennifer@gmail.com,zGEWhVJTHxHOfeqYNMlA,9641554786,79849163,Pediatrics,Oncologist
26,Elizabeth N Mary,56,Elizabeth_N_Mary@gmail.com,NTfXzDbhGeisifjsExLX,3442202698,74607891,Cardiology,Gynecologist
27,Lynn P Michael,64,Lynn_P_Michael@gmail.com,PvkXkUmeEIxSxSjwNwsO,1639086480,73086509,Radiology,Psychiatrist
28,James T Jennifer,25,James_T_Jennifer@gmail.com,mgUhuopOaOLuaVCDzONj,5971607414,88770594,Pediatrics,Urologist
29,Rose N James,22,Rose_N_James@gmail.com,iSItHotTBxREPUhGduht,6281184546,14900241,Psychiatry,Neurologist
30,Marie L Jennifer,78,Marie_L_Jennifer@gmail.com,gNvssEtITERComVlosAb,5622544989,99663899,Pediatrics,Gynecologist
31,Lynn K Elizabeth,75,Lynn_K_Elizabeth@gmail.com,amAwxfztQbTOzxIpVWof,9096441455,17814145,Psychiatry,Pediatrician
32,Grace Q Elizabeth,35,Grace_Q_Elizabeth@gmail.com,tXxBBNKEfLYektvJHOtg,7149679979,77681870,Surgery,Gynecologist
33,Lee P William,29,Lee_P_William@gmail.com,KulyeHlXpcJXDnfFFrDv,1033691869,77046124,Pediatrics,Oncologist
34,Marie R Elizabeth,21,Marie_R_Elizabeth@gmail.com,kUOmZdzpqUzpvuGUmxBo,2301114039,80781477,Pediatrics,Oncologist
35,Michael L Emily,63,Michael_L_Emily@gmail.com,gAdehWHTHhnqUWfkCqhe,8268170210,12000041,Psychiatry,Pediatrician
36,Marie R William,66,Marie_R_William@gmail.com,nyHaERygVaJEqQXmwAZS,9172170715,22188693,Surgery,Neurologist
37,Elizabeth T William,76,Elizabeth_T_William@gmail.com,LCYdYiykLkmAKymvhWrO,0021059977,54436007,Cardiology,Gynecologist
38,Rose O Sarah,76,Rose_O_Sarah@gmail.com,xDztkhvVaisWfvKHfDcN,3859897477,17379117,Gynecology,Dermatologist
39,Rose Q James,69,Rose_Q_James@gmail.com,UjopgoRWVsoxdCpcDXOV,9745604870,68637184,Psychiatry,Gynecologist
40,Elizabeth K Sarah,75,Elizabeth_K_Sarah@gmail.com,lyIhSXIspGtkrPtEJcos,7960441923,52441786,Pediatrics,Radiologist
41,Marie L Sarah,47,Marie_L_Sarah@gmail.com,ypmbJFAuNTIOEZvAeNbc,3291296828,90164108,Cardiology,Urologist
42,Lynn M David,79,Lynn_M_David@gmail.com,YCstKKpXPIbvRBAWeIAY,8155990168,79288672,Psychiatry,Neurologist
43,Grace O Elizabeth,71,Grace_O_Elizabeth@gmail.com,OMbOpUkXUIIkQwHDscjl,2565167309,16131760,Neurology,Surgeon
44,Rose S Emily,21,Rose_S_Emily@gmail.com,nPWVRprIrJwUbcgcolrf,0171338763,98442710,Pediatrics,Radiologist
45,Lynn O William,70,Lynn_O_William@gmail.com,WygcyolcQpETgocQayqp,2831015161,45213338,Psychiatry,Psychiatrist
46,Marie Q James,54,Marie_Q_James@gmail.com,oiLEWZUcikGSAXhYJARm,6571650905,13550708,Urology,Dermatologist
47,Michael K Elizabeth,21,Michael_K_Elizabeth@gmail.com,xRbGHeAWGFZLQrdVbLMm,3742753635,83583976,Psychiatry,Surgeon
48,Lee M Sarah,20,Lee_M_Sarah@gmail.com,qHPcPtBcXaqumMTuzHfb,6495688953,93498728,Neurology,Oncologist
49,Anne N Elizabeth,22,Anne_N_Elizabeth@gmail.com,fPbOZYerVBBpFwjlqQyS,2535358586,69458259,Oncology,Dermatologist
50,James N William,59,James_N_William@gmail.com,MvzhaEUWMbAqNMbBwLsS,1336285192,32892566,Oncology,Cardiologist
51,Anne N William,29,Anne_N_William@gmail.com,AjtMxyIHPUxQGBCxsIvU,7936115211,18992886,Neurology,Dermatologist
52,Lynn O James,47,Lynn_O_James@gmail.com,hUfXuQUueeLObmaRxLWx,3837897704,51682386,Neurology,Cardiologist
53,Elizabeth O Michael,65,Elizabeth_O_Michael@gmail.com,jpKXYnCQhszCxjKokmny,7684466469,52870105,Surgery,Gynecologist
54,Lynn O Emily,55,Lynn_O_Emily@gmail.com,uEgoPLfsClttfetCIlXa,2661190924,66832213,Dermatology,Surgeon
55,Grace T Mary,51,Grace_T_Mary@gmail.com,EdRCLVIWEsGYfZTNqDOB,6148242068,78052988,Surgery,Surgeon
56,Elizabeth Q Emily,75,Elizabeth_Q_Emily@gmail.com,TuSKvtouLncXqaqJcwwu,3142017789,58438305,Neurology,Surgeon
57,Joseph K David,22,Joseph_K_David@gmail.com,pNQHLjSBxFmXLZmjdwmh,7183262832,47518145,Gynecology,Cardiologist
58,Grace S Jennifer,54,Grace_S_Jennifer@gmail.com,TfrTPPwMEYyxFBFfVWRl,1701869896,71541854,Psychiatry,Pediatrician
59,James R Mary,61,James_R_Mary@gmail.com,uMBYIKSEHERjGLDfNRRz,6592053174,53763089,Dermatology,Urologist
60,Elizabeth N David,67,Elizabeth_N_David@gmail.com,bBxgtnkiOFXAVnDyZaJS,7312934664,75521356,Neurology,Radiologist
61,Rose S John,48,Rose_S_John@gmail.com,ertZCKqhSFnluRXKFFtA,7797217285,27055914,Gynecology,Surgeon
62,Rose R William,27,Rose_R_William@gmail.com,NahLFdUGSHVLiRVWqCfv,6479970329,14249606,Psychiatry,Surgeon
63,Lee S David,25,Lee_S_David@gmail.com,XKbhIIprmWTeTFNbLhjC,2025941234,69315845,Dermatology,Radiologist
64,Joseph M John,42,Joseph_M_John@gmail.com,jaTmCTBWIUYZkPTbSZTz,8974710432,80507183,Surgery,Cardiologist
65,Marie P William,67,Marie_P_William@gmail.com,XQOHCsGvsfnXdCaKOLjB,7670178666,35157294,Gynecology,Oncologist
66,Marie S Mary,46,Marie_S_Mary@gmail.com,XxYSbvAFJiUerABMIxNz,3344376290,87382183,Radiology,Dermatologist
67,Grace M Sarah,48,Grace_M_Sarah@gmail.com,GXNBzNwDHhlWeweCcWSf,3319791562,51344464,Radiology,Neurologist
68,James L Jennifer,46,James_L_Jennifer@gmail.com,dndkdWOsuwsdbMCQmezQ,4452486410,52606280,Dermatology,Oncologist
69,Grace Q John,72,Grace_Q_John@gmail.com,khtKGVavKcNXpTZnFTCA,5165821629,48092660,Dermatology,Dermatologist
70,Marie P John,34,Marie_P_John@gmail.com,oYfqCySPDAkJPGfLlbgP,6552020686,39346591,Dermatology,Neurologist
71,Anne L Elizabeth,30,Anne_L_Elizabeth@gmail.com,XCFvgVUgkozgKjbynMKk,2012635957,41252447,Radiology,Psychiatrist
72,James Q Jennifer,33,James_Q_Jennifer@gmail.com,CAoYOaygvuUCmUZSVGpS,9183954720,95622897,Urology,Urologist
73,Anne N Sarah,65,Anne_N_Sarah@gmail.com,CpOAetxhNmjYsubidrVx,8482391452,65241760,Dermatology,Gynecologist
74,Grace O Mary,34,Grace_O_Mary@gmail.com,TvWPScjACrtkjwAexQlt,8171424819,17865137,Psychiatry,Dermatologist
75,Anne T John,36,Anne_T_John@gmail.com,tUMtzSLhrOcFABpoClnN,1580471424,79380663,Dermatology,Dermatologist
76,Michael K James,47,Michael_K_James@gmail.com,GxkwgBmcSNxRztTBGFTf,4086636525,30214456,Pediatrics,Cardiologist
77,Lynn O Emily,56,Lynn_O_Emily@gmail.com,uzPxWDZtlWopmgUocThB,5652423762,78929030,Gynecology,Dermatologist
78,Rose P Emily,61,Rose_P_Emily@gmail.com,WCDpyStlQvsNdWOxMmMM,2502791248,79606776,Urology,Surgeon
79,Marie T Sarah,47,Marie_T_Sarah@gmail.com,aAgIroTYxHmAnfiQaOmQ,8045833924,70287750,Neurology,Radiologist
80,Lynn K Sarah,19,Lynn_K_Sarah@gmail.com,vDsOOhpZRUYZCETLecXl,7091377881,33014140,Oncology,Surgeon
81,Lynn T Elizabeth,72,Lynn_T_Elizabeth@gmail.com,gpdjqvYCSTGQPCmfIQBh,0196016130,73592195,Radiology,Urologist
82,James P Jennifer,80,James_P_Jennifer@gmail.com,hCrVRiXiHbeoXhsMLYtP,8064462056,78085236,Gynecology,Oncologist
83,Lynn K David,54,Lynn_K_David@gmail.com,coBbOCvUXKXLMlGtZEMe,3770216809,47396274,Psychiatry,Neurologist
84,Lee M Jennifer,32,Lee_M_Jennifer@gmail.com,DkKJSgfiPTQoniuzMkTN,4912430462,93591050,Radiology,Dermatologist
85,Marie L John,76,Marie_L_John@gmail.com,fCfESHTjyvCKCcrkXawz,2133933141,50013069,Neurology,Radiologist
86,James O Michael,51,James_O_Michael@gmail.com,AkZHiiASdRXrGylfDZcJ,2814982368,27446996,Radiology,Pediatrician
87,Lee Q Jennifer,42,Lee_Q_Jennifer@gmail.com,SCJiArpExHmSkCSVVOMD,0927016206,05484712,Psychiatry,Psychiatrist
88,Lynn T Michael,52,Lynn_T_Michael@gmail.com,CsanBKcjYFUScvqLqMoc,3361402617,31670677,Oncology,Cardiologist
89,Lynn O Elizabeth,66,Lynn_O_Elizabeth@gmail.com,pZYBQkrRqZMlXORMszpU,7657559268,41407631,Pediatrics,Urologist
90,Marie Q James,18,Marie_Q_James@gmail.com,lNBuUMDvGlcsTWltuVhd,5547232748,90985373,Urology,Dermatologist
91,Lee Q David,76,Lee_Q_David@gmail.com,xTZwzyvvZwndWvykrmvu,6985575338,95287255,Urology,Psychiatrist
92,Lee T Mary,60,Lee_T_Mary@gmail.com,UPPGdXQNqeAAHFStTpcq,0014537661,81847771,Dermatology,Dermatologist
93,Grace M Michael,37,Grace_M_Michael@gmail.com,PqMkDbIFvCborGAjGCZT,9767303857,58352210,Pediatrics,Radiologist
94,James M Emily,28,James_M_Emily@gmail.com,mTBBCwUYwbvbpJTadSAW,2440410083,26863274,Oncology,Surgeon
95,Lynn K John,67,Lynn_K_John@gmail.com,RtSnUpQVzgwqUqFfwQrJ,5891382271,55926300,Neurology,Dermatologist
96,Lee R Elizabeth,77,Lee_R_Elizabeth@gmail.com,nDLGAHOGFDoUNDwiiyCE,0852526778,68906181,Cardiology,Gynecologist
97,Lee Q Michael,70,Lee_Q_Michael@gmail.com,nkHhtLpXHNqazCJjPDtT,1908574402,69018503,Urology,Pediatrician
98,Grace R William,38,Grace_R_William@gmail.com,ylmLMREsgiVDqHmlJKgk,9620486749,31305180,Radiology,Urologist
99,Lee P Sarah,80,Lee_P_Sarah@gmail.com,RvINmzoJkphIezsYKaSs,5301290290,20756893,Psychiatry,Surgeon
100,Elizabeth P Michael,42,Elizabeth_P_Michael@gmail.com,vfuPChtnGlVsdnGQxWxb,2175363972,06455747,Gynecology,Neurologist
